Workbook

Sheet 使い方
A1: {{GOV_DOMAIN}} 年間カレンダー（{{FISCAL_YEAR}}）
A3: 文書番号 | B3: {{DOC_PREFIX}}-F-06
A4: 版 | B4: 1.0
A5: 所管 | B5: {{OWNER_DEPT}}
A6: 承認者 | B6: {{SECRETARIAT_HEAD}}
A7: 最終改訂日 | B7: YYYY-MM-DD
A8: 上位文書 | B8: {{GOV_DOMAIN}} 会議体規程（{{DOC_PREFIX}}-R-02）
A10: 📝 記入ガイド
A11: 会議の日程と締切を、外部の基準日（例: 予算編成の締切）からの逆算で管理する表。
A12: 「基準日」シートに年度ごとの基準日を入力すると、「カレンダー」の日付が自動で計算される。毎年は基準日だけを書き換える。
A13: 「基準日からの日数」はマイナスが前、プラスが後。営業日ではなく暦日で数える（休日に当たった場合は曜日の列を見て手で調整する）。
A14: Runbookには日付を書かず、このカレンダーの行（イベント名）を参照する。
A16: 凡例
A17: 黄色のセル | B17: 入力するセル
A18: 灰色斜体の行 | B18: 記入例。書き換えるか削除する
A19: {{変数名}} | B19: 置換必須のプレースホルダ（README §5）
A20: （TBD: 〜） | B20: 未確定事項。決定記録の保留課題に登録する

Sheet 基準日
A1: 基準日（年度ごとに入力）
A3: 基準イベント | B3: 日付 | C3: 出典
A4: {{例: 予算編成締切}} | B4: 46402 | C4: {{例: 財務部門の予算編成スケジュール}}
A5: {{例: 期初}} | B5: 46478

Sheet カレンダー
A1: 年間カレンダー
A3: No. | B3: イベント | C3: 会議体・作業 | D3: 基準イベント | E3: 基準日からの日数 | F3: 日付 | G3: 曜日 | H3: 担当 | I3: 関連手順 | J3: 備考
A4: 1 | B4: {{例: 起案受付開始の周知}} | C4: 事務局 | D4: {{例: 予算編成締切}} | E4: -84 | F4: =IF(OR(D4="",E4=""),"",IFERROR(INDEX(基準日!$B$4:$B$20,MATCH(D4,基準日!$A$4:$A$20,0))+E4,"基準日なし")) -> 46318 | G4: =IF(ISNUMBER(F4),CHOOSE(WEEKDAY(F4),"日","月","火","水","木","金","土"),"") -> 金
A5: 2 | B5: {{例: 起案締切}} | C5: 起案者 | D5: {{例: 予算編成締切}} | E5: -56 | F5: =IF(OR(D5="",E5=""),"",IFERROR(INDEX(基準日!$B$4:$B$20,MATCH(D5,基準日!$A$4:$A$20,0))+E5,"基準日なし")) -> 46346 | G5: =IF(ISNUMBER(F5),CHOOSE(WEEKDAY(F5),"日","月","火","水","木","金","土"),"") -> 金
A6: 3 | B6: {{例: Tier1開催}} | C6: Tier1 | D6: {{例: 予算編成締切}} | E6: -42 | F6: =IF(OR(D6="",E6=""),"",IFERROR(INDEX(基準日!$B$4:$B$20,MATCH(D6,基準日!$A$4:$A$20,0))+E6,"基準日なし")) -> 46360 | G6: =IF(ISNUMBER(F6),CHOOSE(WEEKDAY(F6),"日","月","火","水","木","金","土"),"") -> 金
A7: 4 | B7: {{例: Tier2（予算）開催}} | C7: Tier2 | D7: {{例: 予算編成締切}} | E7: -21 | F7: =IF(OR(D7="",E7=""),"",IFERROR(INDEX(基準日!$B$4:$B$20,MATCH(D7,基準日!$A$4:$A$20,0))+E7,"基準日なし")) -> 46381 | G7: =IF(ISNUMBER(F7),CHOOSE(WEEKDAY(F7),"日","月","火","水","木","金","土"),"") -> 金
F8: =IF(OR(D8="",E8=""),"",IFERROR(INDEX(基準日!$B$4:$B$20,MATCH(D8,基準日!$A$4:$A$20,0))+E8,"基準日なし")) | G8: =IF(ISNUMBER(F8),CHOOSE(WEEKDAY(F8),"日","月","火","水","木","金","土"),"")
F9: =IF(OR(D9="",E9=""),"",IFERROR(INDEX(基準日!$B$4:$B$20,MATCH(D9,基準日!$A$4:$A$20,0))+E9,"基準日なし")) | G9: =IF(ISNUMBER(F9),CHOOSE(WEEKDAY(F9),"日","月","火","水","木","金","土"),"")
F10: =IF(OR(D10="",E10=""),"",IFERROR(INDEX(基準日!$B$4:$B$20,MATCH(D10,基準日!$A$4:$A$20,0))+E10,"基準日なし")) | G10: =IF(ISNUMBER(F10),CHOOSE(WEEKDAY(F10),"日","月","火","水","木","金","土"),"")
F11: =IF(OR(D11="",E11=""),"",IFERROR(INDEX(基準日!$B$4:$B$20,MATCH(D11,基準日!$A$4:$A$20,0))+E11,"基準日なし")) | G11: =IF(ISNUMBER(F11),CHOOSE(WEEKDAY(F11),"日","月","火","水","木","金","土"),"")
F12: =IF(OR(D12="",E12=""),"",IFERROR(INDEX(基準日!$B$4:$B$20,MATCH(D12,基準日!$A$4:$A$20,0))+E12,"基準日なし")) | G12: =IF(ISNUMBER(F12),CHOOSE(WEEKDAY(F12),"日","月","火","水","木","金","土"),"")
F13: =IF(OR(D13="",E13=""),"",IFERROR(INDEX(基準日!$B$4:$B$20,MATCH(D13,基準日!$A$4:$A$20,0))+E13,"基準日なし")) | G13: =IF(ISNUMBER(F13),CHOOSE(WEEKDAY(F13),"日","月","火","水","木","金","土"),"")
F14: =IF(OR(D14="",E14=""),"",IFERROR(INDEX(基準日!$B$4:$B$20,MATCH(D14,基準日!$A$4:$A$20,0))+E14,"基準日なし")) | G14: =IF(ISNUMBER(F14),CHOOSE(WEEKDAY(F14),"日","月","火","水","木","金","土"),"")
F15: =IF(OR(D15="",E15=""),"",IFERROR(INDEX(基準日!$B$4:$B$20,MATCH(D15,基準日!$A$4:$A$20,0))+E15,"基準日なし")) | G15: =IF(ISNUMBER(F15),CHOOSE(WEEKDAY(F15),"日","月","火","水","木","金","土"),"")
F16: =IF(OR(D16="",E16=""),"",IFERROR(INDEX(基準日!$B$4:$B$20,MATCH(D16,基準日!$A$4:$A$20,0))+E16,"基準日なし")) | G16: =IF(ISNUMBER(F16),CHOOSE(WEEKDAY(F16),"日","月","火","水","木","金","土"),"")
F17: =IF(OR(D17="",E17=""),"",IFERROR(INDEX(基準日!$B$4:$B$20,MATCH(D17,基準日!$A$4:$A$20,0))+E17,"基準日なし")) | G17: =IF(ISNUMBER(F17),CHOOSE(WEEKDAY(F17),"日","月","火","水","木","金","土"),"")
F18: =IF(OR(D18="",E18=""),"",IFERROR(INDEX(基準日!$B$4:$B$20,MATCH(D18,基準日!$A$4:$A$20,0))+E18,"基準日なし")) | G18: =IF(ISNUMBER(F18),CHOOSE(WEEKDAY(F18),"日","月","火","水","木","金","土"),"")
F19: =IF(OR(D19="",E19=""),"",IFERROR(INDEX(基準日!$B$4:$B$20,MATCH(D19,基準日!$A$4:$A$20,0))+E19,"基準日なし")) | G19: =IF(ISNUMBER(F19),CHOOSE(WEEKDAY(F19),"日","月","火","水","木","金","土"),"")
... F33: =IF(OR(D33="",E33=""),"",IFERROR(INDEX(基準日!$B$4:$B$20,MATCH(D33,基準日!$A$4:$A$20,0))+E33,"基準日なし")) | G33: =IF(ISNUMBER(F33),CHOOSE(WEEKDAY(F33),"日","月","火","水","木","金","土"),"")

Sheet 改訂履歴
A1: 改訂履歴
A3: 版 | B3: 日付 | C3: 改訂内容 | D3: 改訂者 | E3: 承認者
A4: 1.0 | B4: YYYY-MM-DD | C4: 制定
