Workbook

Sheet 使い方
A1: {{GOV_DOMAIN}} チェックリスト：{{チェックの名称（例: 事前チェック）}}
A3: 文書番号 | B3: {{DOC_PREFIX}}-P-06
A4: 版 | B4: 1.0
A5: 所管 | B5: {{OWNER_DEPT}}
A6: 承認者 | B6: {{SECRETARIAT_HEAD}}
A7: 最終改訂日 | B7: YYYY-MM-DD
A8: 上位文書 | B8: {{GOV_DOMAIN}} 運用基準（{{DOC_PREFIX}}-R-03）、事務局Runbook（{{DOC_PREFIX}}-P-03）
A10: 📝 記入ガイド
A11: 「項目マスタ」に確認項目を定義し、案件ごとに「記録」シートを複製して結果を記入する。記録シートの確認項目は項目マスタから自動で表示される。
A12: 確認項目は「はい／いいえで答えられる形」で書く。「適切か」のように判断が要る項目は、何を見れば適切と言えるかを「確認方法」に書く。
A13: 全ての項目に根拠（運用基準の条文など）を付ける。根拠のない項目は、担当者の好みで増えていく。
A14: 判断が要る状況（例: 分類の判断が分かれる）は、この表で判定せず、Playbookの該当項目へ回す。
A16: 凡例
A17: 黄色のセル | B17: 入力するセル
A18: 灰色斜体の行 | B18: 記入例。書き換えるか削除する
A19: {{変数名}} | B19: 置換必須のプレースホルダ（README §5）
A20: （TBD: 〜） | B20: 未確定事項。決定記録の保留課題に登録する
A21: 結果 | B21: OK／NG／該当なし から選ぶ。NGが1つでもあれば判定は「差し戻し」になる

Sheet 項目マスタ
A1: 確認項目マスタ
A3: No. | B3: 区分 | C3: 確認項目 | D3: 確認方法 | E3: 根拠 | F3: NGのときの対応
A4: 1 | B4: {{例: 提出情報}} | C4: {{例: 運用基準 第8条の必須情報がすべて記入されているか}} | D4: {{例: 起案書の各欄を確認する}} | E4: {{例: 運用基準 第8条}} | F4: {{例: 差し戻す}}

Sheet 記録
A1: チェック記録
A3: 案件ID | E3: OK | F3: =COUNTIF(D10:D29,"OK") -> 0
A4: 件名 | E4: NG | F4: =COUNTIF(D10:D29,"NG") -> 0
A5: 確認日 | B5: YYYY-MM-DD | E5: 該当なし | F5: =COUNTIF(D10:D29,"該当なし") -> 0
A6: 確認者 | E6: 未記入 | F6: =COUNTIF(C10:C29,"?*")-COUNTA(D10:D29) -> 0
E7: 判定 | F7: =IF(COUNTIF(C10:C29,"?*")=0,"項目未設定",IF(F4>0,"差し戻し",IF(F6>0,"確認中","完了"))) -> 項目未設定
A9: No. | B9: 区分 | C9: 確認項目 | D9: 結果 | E9: コメント | F9: 根拠
A10: =IF(項目マスタ!C5="","",項目マスタ!A5) | B10: =IF(項目マスタ!C5="","",項目マスタ!B5) | C10: =IF(項目マスタ!C5="","",項目マスタ!C5) | F10: =IF(項目マスタ!C5="","",項目マスタ!E5)
A11: =IF(項目マスタ!C6="","",項目マスタ!A6) | B11: =IF(項目マスタ!C6="","",項目マスタ!B6) | C11: =IF(項目マスタ!C6="","",項目マスタ!C6) | F11: =IF(項目マスタ!C6="","",項目マスタ!E6)
A12: =IF(項目マスタ!C7="","",項目マスタ!A7) | B12: =IF(項目マスタ!C7="","",項目マスタ!B7) | C12: =IF(項目マスタ!C7="","",項目マスタ!C7) | F12: =IF(項目マスタ!C7="","",項目マスタ!E7)
A13: =IF(項目マスタ!C8="","",項目マスタ!A8) | B13: =IF(項目マスタ!C8="","",項目マスタ!B8) | C13: =IF(項目マスタ!C8="","",項目マスタ!C8) | F13: =IF(項目マスタ!C8="","",項目マスタ!E8)
A14: =IF(項目マスタ!C9="","",項目マスタ!A9) | B14: =IF(項目マスタ!C9="","",項目マスタ!B9) | C14: =IF(項目マスタ!C9="","",項目マスタ!C9) | F14: =IF(項目マスタ!C9="","",項目マスタ!E9)
A15: =IF(項目マスタ!C10="","",項目マスタ!A10) | B15: =IF(項目マスタ!C10="","",項目マスタ!B10) | C15: =IF(項目マスタ!C10="","",項目マスタ!C10) | F15: =IF(項目マスタ!C10="","",項目マスタ!E10)
A16: =IF(項目マスタ!C11="","",項目マスタ!A11) | B16: =IF(項目マスタ!C11="","",項目マスタ!B11) | C16: =IF(項目マスタ!C11="","",項目マスタ!C11) | F16: =IF(項目マスタ!C11="","",項目マスタ!E11)
A17: =IF(項目マスタ!C12="","",項目マスタ!A12) | B17: =IF(項目マスタ!C12="","",項目マスタ!B12) | C17: =IF(項目マスタ!C12="","",項目マスタ!C12) | F17: =IF(項目マスタ!C12="","",項目マスタ!E12)
A18: =IF(項目マスタ!C13="","",項目マスタ!A13) | B18: =IF(項目マスタ!C13="","",項目マスタ!B13) | C18: =IF(項目マスタ!C13="","",項目マスタ!C13) | F18: =IF(項目マスタ!C13="","",項目マスタ!E13)
A19: =IF(項目マスタ!C14="","",項目マスタ!A14) | B19: =IF(項目マスタ!C14="","",項目マスタ!B14) | C19: =IF(項目マスタ!C14="","",項目マスタ!C14) | F19: =IF(項目マスタ!C14="","",項目マスタ!E14)
A20: =IF(項目マスタ!C15="","",項目マスタ!A15) | B20: =IF(項目マスタ!C15="","",項目マスタ!B15) | C20: =IF(項目マスタ!C15="","",項目マスタ!C15) | F20: =IF(項目マスタ!C15="","",項目マスタ!E15)
A21: =IF(項目マスタ!C16="","",項目マスタ!A16) | B21: =IF(項目マスタ!C16="","",項目マスタ!B16) | C21: =IF(項目マスタ!C16="","",項目マスタ!C16) | F21: =IF(項目マスタ!C16="","",項目マスタ!E16)
... A29: =IF(項目マスタ!C24="","",項目マスタ!A24) | B29: =IF(項目マスタ!C24="","",項目マスタ!B24) | C29: =IF(項目マスタ!C24="","",項目マスタ!C24) | F29: =IF(項目マスタ!C24="","",項目マスタ!E24)

Sheet 改訂履歴
A1: 改訂履歴
A3: 版 | B3: 日付 | C3: 改訂内容 | D3: 改訂者 | E3: 承認者
A4: 1.0 | B4: YYYY-MM-DD | C4: 制定
